PK,Classification,F?LD,S????C,T????C,S?????C,T?????C,Within 500 nt?,Cluster contains PF04738,Cluster contains PF05147,Cluster LACKS PF04738,Cluster LACKS PF05147,Cluster contains PF14028,Cluster contains PF00082,Cluster contains PF03412,Cluster contains PF00005,Cluster contains PF02624,Cluster contains PF00899,Cluster contains PF02052,Cluster contains PF08130,Precursor mass < 4000,Core mass < 2000,Peptide hits cl03420 (Gallidermin),Peptide hits TIGR03731 (lantibio_gallid),Peptide hits cl22812 (lanti_SCO0268),Peptide hits TIGR04363 (LD_lanti_pre),Peptide hits cl06940 (Antimicrobial18),Peptide hits PF02052 (Gallidermin),Peptide hits PF08130 (Antimicrobial18),Precursor peptide mass (unmodified),Leader peptide mass (unmodified),Core peptide mass (unmodified),Length of Leader,Length of Core,Length of precursor,Leader / core ratio,Core >= 35,Has repeating C motifs (not in last 3 residues),Leader > 4 neg charge motifs,Leader net neg charge,Leader FxLD,C-terminal CC,core DGCGxTC motif,core SFNS motif,core SxxLC motif,core CTxGC motif,core TPGC motif,core SFNS?C,Core Cys <3,Core Cys <2,No Core Cys residues,No Core Ser residues,No Core Thr residues,LS max >4,LS max <3,LS 4-membered ring >2,LS 5-membered ring >2,LS 6-membered ring,LS 7-membered ring,LS 8-membered ring,MEME/FIMO,LS max ring number,LS lan4,LS lan5,LS lan6,LS lan7,LS lan8,Ratio of Cys to sum of Ser/Thr,Ratio of Cys/Ser/Thr to len of core,Log10 MEME/FIMO score,log10 MEME motif 1,MEME motif 2,MEME motif 3,MEME motif 4,MEME motif 5,A,R,D,N,C,Q,E,G,H,I,L,K,M,F,P,S,T,W,Y,V,Aromatics,Neg charged,Pos charged,Charged,Aliphatic,Hydroxyl,A,R,D,N,C,Q,E,G,H,I,L,K,M,F,P,S,T,W,Y,V,Aromatics,Neg charged,Pos charged,Charged,Aliphatic,Hydroxyl,A,R,D,N,C,Q,E,G,H,I,L,K,M,F,P,S,T,W,Y,V,Aromatics,Neg charged,Pos charged,Charged,Aliphatic,Hydroxyl
0,,0,0,0,0,0,0,0,1,1,0,0,0,0,0,0,0,0,0,0,0,0,0,0,0,0,0,0,10931.827499,2677.3594260000004,8272.478637999999,22,69,91,0.3188405797101449,1,0,0,0,0,0,0,0,0,0,0,0,1,1,0,0,0,0,1,0,0,0,0,0,0,0,0,0,0,0,0,0.16666666666666666,0.10144927536231885,0,0,0,0,0,0,2,3,0,0,1,1,1,2,2,0,0,4,1,1,1,1,0,0,2,0,3,1,7,8,5,1,3,11,4,2,1,5,1,4,3,5,7,4,1,3,3,5,1,3,0,3,6,5,15,20,23,6,5,14,4,2,2,6,2,6,5,5,7,8,2,4,4,6,1,3,2,3,9,6,22,28,28,7
1,,0,0,0,0,38,0,0,1,1,0,0,0,0,0,0,0,0,0,0,0,0,0,0,0,0,0,0,10182.918102000001,3770.976432,6429.952235000001,35,60,95,0.5833333333333334,1,0,1,1,0,0,0,0,0,0,0,0,0,0,0,0,0,0,1,0,0,0,1,1,0,2,0,0,0,1,1,0.25,0.25,0,0,0,0,0,0,6,0,2,0,0,4,4,1,0,2,3,4,1,1,1,3,0,0,0,3,1,6,4,10,16,3,6,3,4,2,3,2,6,5,1,2,5,1,1,1,2,6,6,1,1,2,3,10,4,14,21,12,12,3,6,2,3,6,10,6,1,4,8,5,2,2,3,9,6,1,1,5,4,16,8,24,37,15
2,,0,0,0,0,0,0,0,1,1,0,0,0,0,0,0,0,0,0,1,0,0,0,0,0,0,0,0,3597.7703470000006,918.4918460000002,2697.2890660000003,8,24,32,0.3333333333333333,0,0,0,1,0,0,0,0,0,0,0,0,1,1,1,0,1,0,1,0,0,0,0,0,0,0,0,0,0,0,0,0.0,0.20833333333333334,0,0,0,0,0,0,0,0,1,0,0,0,0,0,0,1,1,0,2,0,0,0,0,0,0,3,0,1,0,1,7,0,1,1,2,1,0,1,1,1,1,1,2,1,2,2,0,5,0,0,0,2,2,3,2,5,9,5,1,1,3,1,0,1,1,1,1,2,3,1,4,2,0,5,0,0,0,5,2,4,2,6,16,5
3,,0,0,0,0,0,0,0,1,1,0,0,0,0,0,0,0,0,0,0,0,0,0,0,0,0,0,0,8413.963530999996,2204.963085,6227.0110110000005,19,59,78,0.3220338983050847,1,0,1,1,0,0,0,0,0,0,0,0,1,1,1,0,0,0,1,0,0,0,0,0,0,0,0,0,0,0,0,0.0,0.11864406779661017,0,0,0,0,0,0,1,0,2,2,0,0,6,0,0,1,2,1,1,0,1,1,1,0,0,0,0,8,1,9,5,2,2,2,5,6,0,0,3,11,0,1,4,6,3,0,2,4,3,1,2,4,3,8,8,16,25,7,3,2,7,8,0,0,9,11,0,2,6,7,4,0,3,5,4,1,2,4,3,16,9,25,30,9
4,,0,0,0,0,0,0,0,1,1,0,0,0,0,0,0,0,0,0,0,0,0,0,0,0,0,0,0,8445.174381999997,1904.9513359999999,6558.233611000001,18,57,75,0.3157894736842105,1,0,0,1,0,0,0,0,0,0,0,0,1,1,0,0,0,0,1,0,0,0,0,0,0,1,0,1,0,0,0,0.2,0.10526315789473684,0,0,0,0,0,0,1,0,1,2,0,1,1,2,0,2,2,1,1,0,0,1,3,0,0,0,0,2,1,3,8,4,3,9,5,6,1,0,1,7,1,3,4,0,1,1,2,4,1,3,2,3,6,6,9,15,21,5,4,9,6,8,1,1,2,9,1,5,6,1,2,1,2,5,4,3,2,3,6,8,10,18,29,9
5,,0,0,0,0,0,0,0,1,1,0,0,0,0,0,0,0,0,0,0,0,0,0,0,0,0,0,0,6932.384774,2704.279619,4246.115719999999,27,36,63,0.75,1,0,0,1,0,0,0,0,0,0,0,0,1,1,1,0,0,0,1,0,0,0,0,0,0,0,0,0,0,0,0,0.0,0.19444444444444445,0,0,0,0,0,0,1,0,0,4,1,2,2,5,0,2,3,0,1,0,0,3,1,0,0,2,0,2,0,2,14,4,2,3,4,0,0,0,2,3,0,3,1,4,1,3,0,2,5,1,2,0,6,6,7,13,10,7,3,3,4,4,1,2,4,8,0,5,4,4,2,3,0,5,6,1,2,2,6,8,7,15,24,11
6,,0,0,0,0,0,0,0,1,1,0,0,0,0,0,0,0,0,0,0,0,0,0,0,0,0,0,0,5607.855631999999,1394.6032619999999,4231.2629350000025,12,37,49,0.32432432432432434,1,0,0,1,0,0,0,0,0,0,0,0,1,1,0,0,0,0,1,0,0,0,0,0,0,0,0,0,0,0,0,0.2,0.16216216216216217,0,0,0,0,0,0,1,0,2,0,2,0,0,0,0,1,1,1,1,0,1,0,1,1,0,0,1,2,1,3,4,1,2,3,1,2,1,0,0,3,2,3,4,3,0,3,3,2,3,0,2,0,5,1,6,7,12,5,3,3,3,2,3,0,0,3,2,4,5,4,1,3,4,2,4,1,2,0,6,3,7,10,16,6
7,,0,0,0,0,0,1,0,1,1,0,0,0,0,0,0,0,0,0,0,0,0,0,0,0,0,0,0,8848.563561,3340.818557,5525.755569,32,46,78,0.6956521739130435,1,0,0,0,0,0,0,0,0,0,0,0,1,1,0,0,0,0,1,0,0,0,0,0,0,0,0,0,0,0,0,0.16666666666666666,0.15217391304347827,0,0,0,0,0,0,3,2,0,1,2,1,0,2,0,2,4,1,1,1,3,3,2,0,0,4,1,0,3,3,16,5,2,1,1,1,1,0,4,2,3,5,3,4,2,3,1,5,1,3,2,2,8,5,5,10,16,6,5,3,1,2,3,1,4,4,3,7,7,5,3,4,4,8,3,3,2,6,9,5,8,13,32,11
8,,0,0,0,0,0,0,0,1,1,0,0,0,0,0,0,0,0,0,0,0,0,0,0,0,0,0,0,16276.729084999995,3884.860085,12409.879565000001,33,101,134,0.32673267326732675,1,0,1,1,0,0,0,0,0,0,0,0,1,1,0,0,0,0,1,0,0,0,0,0,0,0,0,0,0,0,0,0.1111111111111111,0.09900990099009901,0,0,0,0,0,0,1,1,6,2,0,0,2,1,0,2,3,4,2,1,2,2,2,1,1,0,3,8,5,13,9,4,0,4,10,8,1,4,10,3,6,8,4,5,2,8,1,3,6,2,7,9,17,20,9,29,26,9,1,5,16,10,1,4,12,4,6,10,7,9,4,9,3,5,8,3,8,9,20,28,14,42,35,13
9,,0,0,0,0,0,0,0,1,1,0,0,0,0,0,0,0,0,0,0,0,0,0,0,0,0,0,0,8751.165898000001,3452.6414410000016,5316.535021999999,30,47,77,0.6382978723404256,1,1,1,0,0,0,0,0,0,0,0,0,1,0,0,0,0,0,1,0,0,0,0,1,1,1,0,0,0,0,1,0.4,0.14893617021276595,5,0,0,0,0,-15.1059,0,1,3,0,2,1,2,2,0,1,2,4,1,0,0,5,0,1,2,3,3,5,5,10,9,5,0,1,3,4,2,3,5,4,3,0,6,5,1,0,3,3,2,0,1,1,1,8,6,14,12,5,0,2,6,4,4,4,7,6,3,1,8,9,2,0,3,8,2,1,3,4,4,13,11,24,21,10
10,,0,0,0,0,0,0,0,1,1,0,0,0,0,0,0,0,0,0,0,1,0,0,0,0,0,0,0,6104.269571999999,5047.690553000001,1074.589584,45,11,56,4.090909090909091,0,0,1,1,0,0,0,0,0,0,0,0,1,1,1,1,1,0,1,0,0,0,0,0,1,0,0,0,0,0,0,1.0,0.0,2,0,-1.02899,0,0,0,2,1,2,1,0,3,4,0,0,4,9,1,2,1,6,5,1,0,1,2,2,6,2,8,19,6,0,0,0,0,0,0,0,4,0,1,1,1,1,1,1,0,0,0,0,1,1,0,1,1,8,0,2,1,2,1,0,3,4,4,0,5,10,2,3,2,7,5,1,0,1,3,3,6,3,9,27,6
11,,0,0,0,0,0,0,0,1,1,0,0,0,0,0,0,0,0,0,0,0,0,0,0,0,0,0,0,18819.613158999997,13166.759402000003,5670.8643219999985,117,51,168,2.2941176470588234,1,0,1,0,0,0,0,0,0,0,0,0,1,1,1,0,0,0,1,0,0,0,0,0,0,0,0,0,0,0,0,0.0,0.0784313725490196,0,0,0,0,0,0,11,8,3,9,0,10,10,6,1,3,14,6,5,4,2,9,4,0,3,9,7,13,14,27,48,13,7,3,2,5,0,0,4,3,0,3,6,1,2,4,4,1,3,0,2,1,6,6,4,10,22,4,18,11,5,14,0,10,14,9,1,6,20,7,7,8,6,10,7,0,5,10,13,19,18,37,70,17
12,,0,0,0,0,0,0,0,1,1,0,0,0,0,0,0,0,0,0,0,0,0,0,0,0,0,0,0,8801.430416000001,3707.773241000001,5111.66774,34,47,81,0.723404255319149,1,0,1,1,0,0,0,0,0,0,0,0,1,0,0,0,0,0,1,0,0,0,0,0,0,0,0,0,0,0,0,0.3333333333333333,0.1702127659574468,0,0,0,0,0,0,3,1,2,3,0,0,5,2,0,1,4,0,3,1,1,1,3,0,0,4,1,7,1,8,17,4,1,3,1,0,2,2,5,4,0,3,4,3,3,0,3,4,2,0,0,7,0,6,6,12,22,6,4,4,3,3,2,2,10,6,0,4,8,3,6,1,4,5,5,0,0,11,1,13,7,20,39,10
13,,0,0,0,0,0,0,0,1,1,0,0,0,0,0,0,0,0,0,0,0,0,0,0,0,0,0,0,5257.723397000001,1408.644533,3867.0894289999997,11,36,47,0.3055555555555556,1,0,0,0,0,0,0,0,0,0,0,0,1,1,1,0,0,0,1,0,0,0,0,0,0,0,0,0,0,0,0,0.0,0.2222222222222222,0,0,0,0,0,0,0,0,0,0,0,0,1,0,2,0,1,1,1,0,0,1,2,0,2,0,2,1,1,2,2,3,3,1,0,2,0,2,2,2,1,1,6,2,0,2,2,4,4,0,0,2,2,2,3,5,14,8,3,1,0,2,0,2,3,2,3,1,7,3,1,2,2,5,6,0,2,2,4,3,4,7,16,11
14,,0,0,0,0,0,0,0,1,1,0,0,0,0,0,0,0,0,0,0,0,0,0,0,0,0,0,0,7035.532577000001,3405.754178,3647.7889639999994,28,34,62,0.8235294117647058,0,0,0,0,0,0,0,0,0,0,0,0,1,1,1,0,0,0,1,0,0,0,0,0,0,0,0,0,0,0,0,0.0,0.23529411764705882,0,0,0,0,0,0,1,2,2,4,0,1,0,0,2,2,2,3,0,0,0,1,4,0,3,1,3,2,5,7,6,5,3,0,2,2,0,2,1,3,1,0,4,3,1,0,1,4,4,1,1,1,2,3,3,6,12,8,4,2,4,6,0,3,1,3,3,2,6,6,1,0,1,5,8,1,4,2,5,5,8,13,18,13
